insert into USER (ID, BIO, DATE_OF_BIRTH, EMAIL, FIRST_NAME, LAST_NAME, LOCATION, PASSWORD, PROFILE_PICTURE, ROLE, USER_NAME)
values('fe97a702-2cd8-4370-9dd8-56021bde3310', 'keess bio', '1976-8-10', 'kees@kaas.nl', 'kees', 'kaas', 'anywhere', '$2a$10$ShIebY.CRmZuow7Rh9Mrp.XRT/ANhTAhyNKTsnU6JZCLHXcde59Xi', null, 'ROLE_ADMIN', 'keeskaas');
insert into KWETTER(ID, MESSAGE, POSTED_ON, AUTHOR_ID)
values ('fe97a702-2cd8-4370-9dd8-56021bde3300', 'keess post', '2019-10-3 11:47:00', 'fe97a702-2cd8-4370-9dd8-56021bde3310');

insert into USER (ID, BIO, DATE_OF_BIRTH, EMAIL, FIRST_NAME, LAST_NAME, LOCATION, PASSWORD, PROFILE_PICTURE, ROLE, USER_NAME)
values ('fe97a702-2cd8-4370-9dd8-56021bde3311', 'Function-based analyzing array', '2018-04-28', 'tdilrew1@t.co', 'Dorothée', 'Dilrew', 'Kirovgrad', '$2a$10$HXn.LbReDtSKIjvNacW.Eup3sdmRiNjBqmeww/Mg635jMwLK0LQNa', null, 'ROLE_USER', 'idilrew1');
insert into KWETTER(ID, MESSAGE, POSTED_ON, AUTHOR_ID)
values ('fe97a702-2cd8-4370-9dd8-56021bde3301', 'dorothees post', '2019-10-3 11:17:00', 'fe97a702-2cd8-4370-9dd8-56021bde3311');

insert into USER (ID, BIO, DATE_OF_BIRTH, EMAIL, FIRST_NAME, LAST_NAME, LOCATION, PASSWORD, PROFILE_PICTURE, ROLE, USER_NAME)
values ('fe97a702-2cd8-4370-9dd8-56021bde3312', 'Pre-emptive bifurcated attitude', '2018-05-13', 'odumphries2@dagondesign.com', 'Mén', 'Dumphries', 'Łysomice', '$2a$10$vLQenU1CK5qUtArDPo2OWOtGYwoKkSNVlgX7Tu.SFmUsRquAu78ny', null, 'ROLE_USER', 'adumphries2');
insert into KWETTER(ID, MESSAGE, POSTED_ON, AUTHOR_ID)
values ('fe97a702-2cd8-4370-9dd8-56021bde3302', 'men post', '2019-10-3 11:37:50', 'fe97a702-2cd8-4370-9dd8-56021bde3312');

insert into USER (ID, BIO, DATE_OF_BIRTH, EMAIL, FIRST_NAME, LAST_NAME, LOCATION, PASSWORD, PROFILE_PICTURE, ROLE, USER_NAME)
values ('fe97a702-2cd8-4370-9dd8-56021bde3313', 'Digitized background structure', '2018-03-29', 'rsalleir3@patch.com', 'Clémence', 'Salleir', 'Greensboro', '$2a$10$Ph02yRdxoSSCL5kVwnzYfOgSapWoj2ElwP.lk823.rfiWe8gMp5qi', null, 'ROLE_USER', 'msalleir3');
insert into KWETTER(ID, MESSAGE, POSTED_ON, AUTHOR_ID)
values ('fe97a702-2cd8-4370-9dd8-56021bde3303', 'clemence post', '2019-10-3 12:43:00', 'fe97a702-2cd8-4370-9dd8-56021bde3313');

insert into USER (ID, BIO, DATE_OF_BIRTH, EMAIL, FIRST_NAME, LAST_NAME, LOCATION, PASSWORD, PROFILE_PICTURE, ROLE, USER_NAME)
values ('fe97a702-2cd8-4370-9dd8-56021bde3314', 'Automated dynamic benchmark', '2018-08-14', 'mbreukelman4@bloglovin.com', 'Béatrice', 'Breukelman', 'Krandil', '$2a$10$fCND1F5PmzhZotcWpGJOoOMev3OH/iNyBu1DtuOUDSCS7nQb4DJSm', null, 'ROLE_USER', 'sbreukelman4');
insert into KWETTER(ID, MESSAGE, POSTED_ON, AUTHOR_ID)
values ('fe97a702-2cd8-4370-9dd8-56021bde3304', 'beatrices post', '2019-10-3 19:47:00', 'fe97a702-2cd8-4370-9dd8-56021bde3314');

insert into USER (ID, BIO, DATE_OF_BIRTH, EMAIL, FIRST_NAME, LAST_NAME, LOCATION, PASSWORD, PROFILE_PICTURE, ROLE, USER_NAME)
values ('fe97a702-2cd8-4370-9dd8-56021bde3315', 'Managed needs-based Graphical User Interface', '2018-10-22', 'jsunner5@smh.com.au', 'Pò', 'Sunner', 'K’anak’erravan', '$2a$10$Ewrrnppd6efR3NQDL0oq0elWO40QTD6f49XZVhXSdqhaYYW3wHLa6', null, 'ROLE_USER', 'esunner5');
insert into KWETTER(ID, MESSAGE, POSTED_ON, AUTHOR_ID)
values ('fe97a702-2cd8-4370-9dd8-56021bde3305', 'pos post', '2019-10-3 14:47:00', 'fe97a702-2cd8-4370-9dd8-56021bde3315');

insert into USER (ID, BIO, DATE_OF_BIRTH, EMAIL, FIRST_NAME, LAST_NAME, LOCATION, PASSWORD, PROFILE_PICTURE, ROLE, USER_NAME)
values ('fe97a702-2cd8-4370-9dd8-56021bde3316', 'Integrated encompassing concept', '2019-03-14', 'jswoffer6@purevolume.com', 'Gwenaëlle', 'Swoffer', 'Lasi Dua', '$2a$10$bPBPVy2FfjYI8dwBdANln.NgzTodmr0DuPdXvIgjzA5Cwmfjpp3BS', null, 'ROLE_USER', 'kswoffer6');
insert into KWETTER(ID, MESSAGE, POSTED_ON, AUTHOR_ID)
values ('fe97a702-2cd8-4370-9dd8-56021bde3306', 'gwenaelles post', '2019-10-3 11:47:00', 'fe97a702-2cd8-4370-9dd8-56021bde3316');

insert into USER (ID, BIO, DATE_OF_BIRTH, EMAIL, FIRST_NAME, LAST_NAME, LOCATION, PASSWORD, PROFILE_PICTURE, ROLE, USER_NAME)
values ('fe97a702-2cd8-4370-9dd8-56021bde3317', 'Multi-channelled bifurcated hardware', '2018-09-07', 'ltockell7@army.mil', 'Hélène', 'Tockell', 'Correia Pinto', '$2a$10$2/eRLYDyIprgPeN9BAC4Muf5py7hoefXlnKv3xWVE9FJAl9AwSeJK', null, 'ROLE_USER', 'mtockell7');
insert into KWETTER(ID, MESSAGE, POSTED_ON, AUTHOR_ID)
values ('fe97a702-2cd8-4370-9dd8-56021bde3307', 'helenes post', '2019-10-3 21:47:00', 'fe97a702-2cd8-4370-9dd8-56021bde3317');

insert into USER (ID, BIO, DATE_OF_BIRTH, EMAIL, FIRST_NAME, LAST_NAME, LOCATION, PASSWORD, PROFILE_PICTURE, ROLE, USER_NAME)
values ('fe97a702-2cd8-4370-9dd8-56021bde3318', 'Stand-alone reciprocal contingency', '2019-02-15', 'mphilipson8@army.mil', 'Loïc', 'Philipson', 'Chanthaburi', '$2a$10$kGS.TabdP4aWdcYWhGpvVej8zlpYbQuYGw2pU.Eufs8oGfYOc.7Ka', null, 'ROLE_USER', 'kphilipson8');
insert into KWETTER(ID, MESSAGE, POSTED_ON, AUTHOR_ID)
values ('fe97a702-2cd8-4370-9dd8-56021bde3308', 'loics post', '2019-10-3 19:47:00', 'fe97a702-2cd8-4370-9dd8-56021bde3318');

insert into USER (ID, BIO, DATE_OF_BIRTH, EMAIL, FIRST_NAME, LAST_NAME, LOCATION, PASSWORD, PROFILE_PICTURE, ROLE, USER_NAME)
values ('fe97a702-2cd8-4370-9dd8-56021bde3319', 'Streamlined local archive', '2018-06-08', 'emcbayne9@reddit.com', 'Björn', 'McBayne', 'Laspezia', '$2a$10$BTdxHms9FwSG8gpoS7pF.e7egm9e2yquBk7VnPKRc9KPRPhFSyBTW', null, 'ROLE_USER', 'imcbayne9');
insert into KWETTER(ID, MESSAGE, POSTED_ON, AUTHOR_ID)
values ('fe97a702-2cd8-4370-9dd8-56021bde3309', 'bjorns post', '2019-10-3 17:47:00', 'fe97a702-2cd8-4370-9dd8-56021bde3319');


insert into FOLLOW(FOLLOWING_ID, FOLLOWERS_ID)
values ('fe97a702-2cd8-4370-9dd8-56021bde3310', 'fe97a702-2cd8-4370-9dd8-56021bde3311');
insert into FOLLOW(FOLLOWING_ID, FOLLOWERS_ID)
values ('fe97a702-2cd8-4370-9dd8-56021bde3310', 'fe97a702-2cd8-4370-9dd8-56021bde3319');
insert into FOLLOW(FOLLOWING_ID, FOLLOWERS_ID)
values ('fe97a702-2cd8-4370-9dd8-56021bde3317', 'fe97a702-2cd8-4370-9dd8-56021bde3310');
insert into FOLLOW(FOLLOWING_ID, FOLLOWERS_ID)
values ('fe97a702-2cd8-4370-9dd8-56021bde3315', 'fe97a702-2cd8-4370-9dd8-56021bde3310');